referrer_code,partner,white_label_code
,No Partner,
null,No Partner,
211co,2-1-1 Colorado,co
211nc,2-1-1 North Carolina,nc
achs,Adams County Human Services,co
achd,Adams County Health Department,co
achdchw,Adams County Health Department - Community Health Workers,co
achsshare,Adams County Human Services,co
acph,Arapahoe County Public Health,co
acphnlp,Arapahoe County Public Health,co
ACTIONCenter,The Action Center,co
adamscountyhealth,Adams County Health Department,co
adelante,Adelante Community Development,co
almosthome,Almost Home,co
amexcan,AMEXCAN,nc
appphi,Appalachian Public Health Innovation Lab,nc
arapahoectypublichealth,Arapahoe County Public Health,co
arapahoepublichealth,Arapahoe County Public Health,co
back-to-school,Multiple Partners,co
bayaud,Bayaud Enterprises,co
bbt,Bright by Text,co
bbttest,Other,co
bch,Boston Children's Hospital,ma
BGC,Boys & Girls Club of Metro Denver,co
bgcmd,Boys & Girls Club of Metro Denver,co
bia,Benefits in Action,co
blueprint,Blueprint NC,nc
brightbytext,Bright by Text,co
broomfield,City and County of Broomfield,co
BWF-46951-TL,Builds with Families,co
BWFProspective,Builds with Families,co
BWFReferrals,Builds with Families,co
careReach,Care Reach,nc
cca,Community Civil Activist,nc
cch,Colorado Coalition for the Homeless,co
ccf,Cambridge Community Foundation,ma
ccig,Colorado Design Insight Group (CDIG),co
cdec,Colorado Department of Early Childhood (CDEC),co
cdecs,Colorado Department of Early Childhood (CDEC),co
cdig,Colorado Design Insight Group (CDIG),co
CEDP,Community Economic Defense Project,co
cedp,Community Economic Defense Project,co
childfirst,Child First,co
cia,Community Investment Alliance,co
coAccess,Colorado Access,co
CollegeView,College View High School,co
coloradoparentcoalition,Colorado Statewide Parent Coalition,co
community_investment_alliance,Community Investment Alliance,co
ctl,Center for Transforming Lives,tx
ctd,Code the Dream,nc
cwe,Center for Work Education and Employment,co
denverhealth,Denver Health,co
denverlibrary,Denver Public Library,co
denverpubliclibrary,Denver Public Library,co
dhs,Denver Human Services,co
downHome,We Are Down Home,nc
DPS,Denver Public Schools,co
DPSCommunityHubs,Denver Public Schools,co
DSST,Denver School of Science and Technology (DSST Public Schools),co
eaglecounty,Eagle County,co
elRefugio,El Refugio,nc
email,Other,
energy_calculator,Other,
familyresourcecenter,Family Resource Center Association,co
fbcenc,Food Bank of Central & Eastern NC,nc
felp,Future Endeavors Life Program (FELP),nc
fiel,Duke Project FIEL-NC (FIEL-NC),nc
fircsummitresourcecenter,Summit County Resource Center (FIRC),co
flyers,Other,
Food,Community Food Access Program,co
Food Access,Community Food Access Program,co
frca,Family Resource Center Association,co
friend,Friend / Family / Word of Mouth,
fullcircle,Full Circle Leadville,co
gac,Get Ahead Colorado,co
getaheadtaxcalculator,Get Ahead Colorado,co
hf,Hispanic Federation,nc
hfed,Hispanic Federation,nc
impactcharitable,Impact Charitable,co
INSERTWHATEVERYOUWANTHERE,Other,
IRMP,Rocky Mountain Prep,co
jeffcoHS,Jeffco Human Services,co
jeffcoHSCM,Jeffco Human Services,co
jeffcoPS,Jeffco Public Schools,co
jfhs,Jeffco Human Services,co
lanc,Legal Aid of North Carolina,nc
larimercounty,Larimer County,co
lgs,Let's Get Set,co
mail,Other,
masscap,MASSCAP,ma
mcoa,Multidisciplinary Center on Aging,co
mda,Montagnard Dega Association,nc
merit,Merit America,
mfa,Mi Familia en Acción,nc
mgm,Mundeke Gospel Mission,nc
mountainProjects,Mountain Projects,nc
nariahWay,Nariah's Way,nc
nc211,2-1-1 North Carolina,nc
ncapri,NCAPRI,nc
ncba,NC Black Alliance,nc
NCCHWA,NC Community Health Worker Association (NCCHWA),nc
ncchwa,NC Community Health Worker Association (NCCHWA),nc
ncnc,NC Navigators Consortium,nc
nursefamilypartnership,Nurse-Family Partnership,co
nw,Nariah's Way,nc
onTrackFin,On Track Financial,nc
other,Other,
PBWF-TL-51601,Builds with Families,co
pce,PACE,ma
pisgahLegal,Pisgah Legal Services,nc
pitkin,Pitkin County,co
Project Worthmore,Project Worthmore,co
pueblo,Pueblo County,co
rcp,Refugee Community Partnership,nc
RMP,Rocky Mountain Prep,co
rmp,Rocky Mountain Prep,co
ruralHealthGroup,Rural Health Group,nc
salud,Salud Family Health Centers,co
searchEngine,Other,
sf,Shackle Free,nc
socialMedia,Other,
taxAssistanceSite,Other,
taxassistancesite,Other,
tellercounty,Teller County,co
tepeyac,Tepeyac Health,co
Tepeyac Health,Tepeyac Health,co
TepeyacHealth,Tepeyac Health,co
testOrProspect,Other,
theactioncenter,The Action Center,co
TheGatheringPlace,The Gathering Place,co
thegatheringplace,The Gathering Place,co
unch,UNC Health - Community Health,nc
unidx,Unidx WNC,nc
unidxWNC,Unidx WNC,nc
valores,Valores,nc
villageExchange,Village Exchange,co
waterstonechurch,Waterstone Church,co
weAreDownHome,We Are Down Home,nc
wrcgso,Women's Resource Center of Greensboro,nc
yab,Youth Advisory Board,co
Sailthru,Other,
cgeneralprint,Other,
govdelivery,Other,
hello,Other,
hs_automation,Other,
neighbor,Other,
